{
    "best_model": "XGBoost",
    "selection_metric": "auc_roc",
    "selection_score": 0.8002106371774618,
    "all_models": {
        "LogisticRegression": {
            "train_metrics": {
                "accuracy": 0.7044310171198389,
                "precision": 0.48370273794002605,
                "recall": 0.6601423487544484,
                "f1_score": 0.5583145221971407,
                "auc_roc": 0.7529154782056238,
                "log_loss": 0.5979627730977303
            },
            "val_metrics": {
                "accuracy": 0.7001321003963011,
                "precision": 0.5040128410914928,
                "recall": 0.6840958605664488,
                "f1_score": 0.5804066543438078,
                "auc_roc": 0.727402451238526,
                "log_loss": 0.6287158683123891
            },
            "test_metrics": {
                "accuracy": 0.6872509960159362,
                "precision": 0.4707379134860051,
                "recall": 0.6357388316151202,
                "f1_score": 0.5409356725146199,
                "auc_roc": 0.7250955499968672,
                "log_loss": 0.6161909179312974
            }
        },
        "RandomForest": {
            "train_metrics": {
                "accuracy": 0.8392077878482712,
                "precision": 0.6899791231732777,
                "recall": 0.7841043890865955,
                "f1_score": 0.7340366463076069,
                "auc_roc": 0.949489989159458,
                "log_loss": 0.36386847463613337
            },
            "val_metrics": {
                "accuracy": 0.7542932628797886,
                "precision": 0.5819209039548022,
                "recall": 0.673202614379085,
                "f1_score": 0.6242424242424243,
                "auc_roc": 0.7930902745511053,
                "log_loss": 0.5202163238510304
            },
            "test_metrics": {
                "accuracy": 0.74800796812749,
                "precision": 0.5572289156626506,
                "recall": 0.6357388316151202,
                "f1_score": 0.593900481540931,
                "auc_roc": 0.7716343025693669,
                "log_loss": 0.5278012520375779
            }
        },
        "XGBoost": {
            "train_metrics": {
                "accuracy": 0.9377307821416583,
                "precision": 0.8426263678999479,
                "recall": 0.9590747330960854,
                "f1_score": 0.8970873786407767,
                "auc_roc": 0.9886707451983953,
                "log_loss": 0.25092768624040984
            },
            "val_metrics": {
                "accuracy": 0.7675033025099075,
                "precision": 0.6055226824457594,
                "recall": 0.6688453159041394,
                "f1_score": 0.6356107660455487,
                "auc_roc": 0.8002106371774618,
                "log_loss": 0.5072451481457633
            },
            "test_metrics": {
                "accuracy": 0.7360557768924303,
                "precision": 0.5386904761904762,
                "recall": 0.6219931271477663,
                "f1_score": 0.5773524720893142,
                "auc_roc": 0.7668580076439998,
                "log_loss": 0.5388473286348702
            }
        }
    },
    "updated_at": "2025-11-07T16:12:57.319334"
}