{
    "model_name": "RandomForest",
    "features": [
        "tenure",
        "loan_amt",
        "customer_age",
        "Annual_Income",
        "Monthly_Inhand_Salary",
        "Num_Bank_Accounts",
        "Num_Credit_Card",
        "Interest_Rate",
        "Num_of_Loan",
        "Num_of_Delayed_Payment",
        "Outstanding_Debt",
        "Credit_Utilization_Ratio",
        "Total_EMI_per_month",
        "Amount_invested_monthly",
        "Monthly_Balance",
        "debt_to_income_ratio",
        "fe_1",
        "fe_2",
        "fe_3",
        "fe_4",
        "fe_5",
        "fe_6",
        "fe_7",
        "fe_8",
        "fe_9",
        "fe_10",
        "fe_11",
        "fe_12",
        "fe_13",
        "fe_14",
        "fe_15",
        "fe_16",
        "fe_17",
        "fe_18",
        "fe_19",
        "fe_20"
    ],
    "train_metrics": {
        "accuracy": 0.8392077878482712,
        "precision": 0.6899791231732777,
        "recall": 0.7841043890865955,
        "f1_score": 0.7340366463076069,
        "auc_roc": 0.949489989159458,
        "log_loss": 0.36386847463613337
    },
    "val_metrics": {
        "accuracy": 0.7542932628797886,
        "precision": 0.5819209039548022,
        "recall": 0.673202614379085,
        "f1_score": 0.6242424242424243,
        "auc_roc": 0.7930902745511053,
        "log_loss": 0.5202163238510304
    },
    "test_metrics": {
        "accuracy": 0.74800796812749,
        "precision": 0.5572289156626506,
        "recall": 0.6357388316151202,
        "f1_score": 0.593900481540931,
        "auc_roc": 0.7716343025693669,
        "log_loss": 0.5278012520375779
    },
    "params": {
        "n_estimators": 100,
        "max_depth": 10,
        "min_samples_split": 5,
        "min_samples_leaf": 2,
        "random_state": 42,
        "class_weight": "balanced",
        "n_jobs": -1
    },
    "trained_at": "2025-11-07T16:12:56.640385"
}