{
    "model_name": "XGBoost",
    "features": [
        "tenure",
        "loan_amt",
        "customer_age",
        "Annual_Income",
        "Monthly_Inhand_Salary",
        "Num_Bank_Accounts",
        "Num_Credit_Card",
        "Interest_Rate",
        "Num_of_Loan",
        "Num_of_Delayed_Payment",
        "Outstanding_Debt",
        "Credit_Utilization_Ratio",
        "Total_EMI_per_month",
        "Amount_invested_monthly",
        "Monthly_Balance",
        "debt_to_income_ratio",
        "fe_1",
        "fe_2",
        "fe_3",
        "fe_4",
        "fe_5",
        "fe_6",
        "fe_7",
        "fe_8",
        "fe_9",
        "fe_10",
        "fe_11",
        "fe_12",
        "fe_13",
        "fe_14",
        "fe_15",
        "fe_16",
        "fe_17",
        "fe_18",
        "fe_19",
        "fe_20"
    ],
    "train_metrics": {
        "accuracy": 0.9377307821416583,
        "precision": 0.8426263678999479,
        "recall": 0.9590747330960854,
        "f1_score": 0.8970873786407767,
        "auc_roc": 0.9886707451983953,
        "log_loss": 0.25092768624040984
    },
    "val_metrics": {
        "accuracy": 0.7675033025099075,
        "precision": 0.6055226824457594,
        "recall": 0.6688453159041394,
        "f1_score": 0.6356107660455487,
        "auc_roc": 0.8002106371774618,
        "log_loss": 0.5072451481457633
    },
    "test_metrics": {
        "accuracy": 0.7360557768924303,
        "precision": 0.5386904761904762,
        "recall": 0.6219931271477663,
        "f1_score": 0.5773524720893142,
        "auc_roc": 0.7668580076439998,
        "log_loss": 0.5388473286348702
    },
    "params": {
        "n_estimators": 100,
        "max_depth": 6,
        "learning_rate": 0.1,
        "subsample": 0.8,
        "colsample_bytree": 0.8,
        "random_state": 42,
        "eval_metric": "logloss",
        "use_label_encoder": false
    },
    "trained_at": "2025-11-07T16:12:57.318122"
}